case,n_bus,model,cold_converged,cold_iters,cold_rt_s,warm_converged,warm_iters,warm_rt_s,iter_reduction_pct,rt_speedup,gnn_mape_vm_pct,v_violations_warm
case14,14,GCN,True,4,1.469379186630249,True,4,0.02979421615600586,0.0,49.3175983867612,1.5714261531829834,0
case14,14,GraphSAGE,True,4,1.469379186630249,True,4,0.02911996841430664,0.0,50.45950482241399,1.6237590312957764,0
case14,14,GAT,True,4,1.469379186630249,True,4,0.0389406681060791,0.0,37.733794978234116,1.572484016418457,0
case14,14,GCN,True,4,0.029770612716674805,True,4,0.027355194091796875,0.0,1.0882983544833356,1.460476279258728,0
case14,14,GraphSAGE,True,4,0.029770612716674805,True,4,0.02725386619567871,0.0,1.0923445687641609,1.5129497051239014,0
case14,14,GAT,True,4,0.029770612716674805,True,4,0.02832627296447754,0.0,1.0509894031596934,1.4615371227264404,0
case118,118,GCN,True,4,0.03553485870361328,True,5,0.03561663627624512,-25.0,0.9977039501429174,1.1273748874664307,1
case118,118,GraphSAGE,True,4,0.03553485870361328,True,5,0.032678842544555664,-25.0,1.0873964907160836,1.1864197254180908,1
case118,118,GAT,True,4,0.03553485870361328,True,5,0.034806013107299805,-25.0,1.0209402207045832,1.1285147666931152,1
case14,14,GCN,True,4,0.029451370239257812,True,4,0.027397632598876953,0.0,1.0749604051725639,1.4174079895019531,0
case14,14,GraphSAGE,True,4,0.029451370239257812,True,4,0.03229475021362305,0.0,0.9119553501557724,1.4699360132217407,0
case14,14,GAT,True,4,0.029451370239257812,True,4,0.027671337127685547,0.0,1.0643276869259535,1.4184699058532715,0
case118,118,GCN,True,4,0.03804802894592285,True,5,0.03608441352844238,-25.0,1.0544172739826494,1.144484281539917,1
case118,118,GraphSAGE,True,4,0.03804802894592285,True,5,0.04154539108276367,-25.0,0.915818288245894,1.1966155767440796,1
case118,118,GAT,True,4,0.03804802894592285,True,5,0.03337216377258301,-25.0,1.1401127360276624,1.1454541683197021,1
case118,118,GCN,True,4,0.05266261100769043,True,5,0.053296804428100586,-25.0,0.9881007233507647,1.204153060913086,1
case118,118,GraphSAGE,True,4,0.05266261100769043,True,5,0.051236629486083984,-25.0,1.0278312905417353,1.2595434188842773,1
case118,118,GAT,True,4,0.05266261100769043,True,5,0.05165815353393555,-25.0,1.0194443162412885,1.2052079439163208,1
case14,14,GCN,True,4,0.04465126991271973,True,4,0.04512977600097656,0.0,0.9893971091669836,1.5339998006820679,0
case14,14,GraphSAGE,True,4,0.04465126991271973,True,4,0.046158790588378906,0.0,0.9673405508150658,1.5863802433013916,0
case14,14,GAT,True,4,0.04465126991271973,True,4,0.04207015037536621,0.0,1.0613527528264997,1.5350587368011475,0
case14,14,GCN,True,4,0.030238628387451172,True,4,0.026945829391479492,0.0,1.122200691919058,1.4324073791503906,0
case14,14,GraphSAGE,True,4,0.030238628387451172,True,4,0.02739691734313965,0.0,1.1037237514250158,1.4849164485931396,0
case14,14,GAT,True,4,0.030238628387451172,True,4,0.02882218360900879,0.0,1.049144256301235,1.4334686994552612,0
case30,30,GCN,True,3,0.02480483055114746,True,4,0.023608684539794922,-33.33333333333333,1.05066550867484,3.332165241241455,0
case30,30,GraphSAGE,True,3,0.02480483055114746,True,4,0.024751901626586914,-33.33333333333333,1.0021383781076316,3.2099950313568115,0
case30,30,GAT,True,3,0.02480483055114746,True,4,0.026227235794067383,-33.33333333333333,0.9457661015408391,3.3296878337860107,0
case14,14,GCN,True,4,0.029531240463256836,True,4,0.03361320495605469,0.0,0.8785606877376156,1.4020287990570068,0
case14,14,GraphSAGE,True,4,0.029531240463256836,True,4,0.027045011520385742,0.0,1.091929298717327,1.4545763731002808,0
case14,14,GAT,True,4,0.029531240463256836,True,4,0.025986909866333008,0.0,1.1363890749286678,1.4030911922454834,0
case14,14,GCN,True,4,0.03112626075744629,True,4,0.027977466583251953,0.0,1.1125475090757249,1.4347343444824219,0
case14,14,GraphSAGE,True,4,0.03112626075744629,True,4,0.026510953903198242,0.0,1.1740905616259725,1.4872404336929321,0
case14,14,GAT,True,4,0.03112626075744629,True,4,0.027892112731933594,0.0,1.1159520634595002,1.4357959032058716,0
case30,30,GCN,True,3,0.024613380432128906,True,4,0.024713993072509766,-33.33333333333333,0.9959289201026452,2.582106113433838,0
case30,30,GraphSAGE,True,3,0.024613380432128906,True,4,0.02448439598083496,-33.33333333333333,1.0052680266809484,2.485877752304077,0
case30,30,GAT,True,3,0.024613380432128906,True,4,0.02541637420654297,-33.33333333333333,0.9684064387827849,2.5801610946655273,0
case14,14,GCN,True,4,0.029910564422607422,True,4,0.026851654052734375,0.0,1.1139188805228015,1.415191650390625,0
case14,14,GraphSAGE,True,4,0.029910564422607422,True,4,0.02772831916809082,0.0,1.0787009569995099,1.4677224159240723,0
case14,14,GAT,True,4,0.029910564422607422,True,4,0.027116775512695312,0.0,1.1030280649926145,1.4162534475326538,0
case30,30,GCN,True,3,0.02546405792236328,True,4,0.024369478225708008,-33.33333333333333,1.0449160087268743,2.2309632301330566,0
case30,30,GraphSAGE,True,3,0.02546405792236328,True,4,0.024112701416015625,-33.33333333333333,1.0560433475715867,2.1559689044952393,0
case30,30,GAT,True,3,0.02546405792236328,True,4,0.024938106536865234,-33.33333333333333,1.021090269412417,2.2293689250946045,0
case118,118,GCN,True,4,0.05057501792907715,True,5,0.05234956741333008,-25.0,0.9661019264926902,1.2368464469909668,1
case118,118,GraphSAGE,True,4,0.05057501792907715,True,5,0.05292773246765137,-25.0,0.9555485483907296,1.2942571640014648,1
case118,118,GAT,True,4,0.05057501792907715,True,5,0.05030679702758789,-25.0,1.005331703017033,1.2378571033477783,1
case14,14,GCN,True,4,0.04571700096130371,True,4,0.04906916618347168,0.0,0.9316848953651651,1.4694823026657104,0
case14,14,GraphSAGE,True,4,0.04571700096130371,True,4,0.046911001205444336,0.0,0.9745475429332331,1.5219444036483765,0
case14,14,GAT,True,4,0.04571700096130371,True,4,0.0467228889465332,0.0,0.9784711945705975,1.4705427885055542,0
case118,118,GCN,True,4,0.03397345542907715,True,5,0.034667253494262695,-25.0,0.9799869330490698,1.1829642057418823,1
case118,118,GraphSAGE,True,4,0.03397345542907715,True,5,0.035214900970458984,-25.0,0.9647465843387361,1.236530065536499,1
case118,118,GAT,True,4,0.03397345542907715,True,5,0.03282904624938965,-25.0,1.0348596535821926,1.1840198040008545,1
case14,14,GCN,True,4,0.03013920783996582,True,4,0.027889728546142578,0.0,1.0806561917625537,1.5342024564743042,0
case14,14,GraphSAGE,True,4,0.03013920783996582,True,4,0.026572465896606445,0.0,1.1342269835715504,1.5865825414657593,0
case14,14,GAT,True,4,0.03013920783996582,True,4,0.026873350143432617,0.0,1.1215277469724527,1.5352612733840942,0
case118,118,GCN,True,4,0.03327441215515137,True,5,0.036829233169555664,-25.0,0.903478277757278,1.1779429912567139,1
case118,118,GraphSAGE,True,4,0.03327441215515137,True,5,0.03319525718688965,-25.0,1.0023845264344866,1.2369170188903809,1
case118,118,GAT,True,4,0.03327441215515137,True,5,0.03453636169433594,-25.0,0.9634602639863037,1.1789377927780151,1
case118,118,GCN,True,4,0.03400397300720215,True,5,0.03513646125793457,-25.0,0.9677688586104646,1.1804320812225342,1
case118,118,GraphSAGE,True,4,0.03400397300720215,True,5,0.034233808517456055,-25.0,0.9932863002918092,1.2295303344726562,1
case118,118,GAT,True,4,0.03400397300720215,True,5,0.03536248207092285,-25.0,0.9615833226582885,1.1813138723373413,1
case118,118,GCN,True,4,0.03381466865539551,True,5,0.032950401306152344,-25.0,1.0262293421319209,1.2095340490341187,1
case118,118,GraphSAGE,True,4,0.03381466865539551,True,5,0.034332275390625,-25.0,0.9849236111111112,1.2811135053634644,1
case118,118,GAT,True,4,0.03381466865539551,True,5,0.03370165824890137,-25.0,1.0033532595238936,1.2108925580978394,1
case14,14,GCN,True,4,0.03551316261291504,True,4,0.027246475219726562,0.0,1.3034039201960097,1.4454318284988403,0
case14,14,GraphSAGE,True,4,0.03551316261291504,True,4,0.027474164962768555,0.0,1.2926020740226494,1.4979243278503418,0
case14,14,GAT,True,4,0.03551316261291504,True,4,0.0276639461517334,0.0,1.283734519223311,1.4464929103851318,0
case14,14,GCN,True,4,0.044409990310668945,True,4,0.037869930267333984,0.0,1.1726979689998616,1.3546943664550781,0
case14,14,GraphSAGE,True,4,0.044409990310668945,True,4,0.04039287567138672,0.0,1.099451068350844,1.4073020219802856,0
case14,14,GAT,True,4,0.044409990310668945,True,4,0.04199528694152832,0.0,1.0574993896934841,1.3557578325271606,0
case14,14,GCN,True,4,0.04378223419189453,True,4,0.03946638107299805,0.0,1.1093551777882489,1.3691588640213013,0
case14,14,GraphSAGE,True,4,0.04378223419189453,True,4,0.04157233238220215,0.0,1.0531579943452603,1.421748161315918,0
case14,14,GAT,True,4,0.04378223419189453,True,4,0.04749608039855957,0.0,0.9218073117718221,1.3702219724655151,0
case30,30,GCN,True,3,0.025842905044555664,True,4,0.025112390518188477,-33.33333333333333,1.0290898043273933,3.5419323444366455,0
case30,30,GraphSAGE,True,3,0.025842905044555664,True,4,0.025054454803466797,-33.33333333333333,1.031469463106408,3.4191348552703857,0
case30,30,GAT,True,3,0.025842905044555664,True,4,0.029781103134155273,-33.33333333333333,0.8677618464346615,3.539449453353882,0
case30,30,GCN,True,3,0.028289079666137695,True,4,0.027161121368408203,-33.33333333333333,1.0415284141781218,3.283637285232544,0
case30,30,GraphSAGE,True,3,0.028289079666137695,True,4,0.023763179779052734,-33.33333333333333,1.1904585130932075,3.169618844985962,0
case30,30,GAT,True,3,0.028289079666137695,True,4,0.027975797653198242,-33.33333333333333,1.0111983228082735,3.2813329696655273,0
case118,118,GCN,True,4,0.04553794860839844,True,5,0.035764217376708984,-25.0,1.2732824020372517,1.1704237461090088,1
case118,118,GraphSAGE,True,4,0.04553794860839844,True,5,0.03636813163757324,-25.0,1.2521387972911846,1.2368502616882324,1
case118,118,GAT,True,4,0.04553794860839844,True,5,0.034699201583862305,-25.0,1.3123630092277672,1.17160964012146,1
case118,118,GCN,True,4,0.03469681739807129,True,5,0.03452730178833008,-25.0,1.0049096106837547,1.1682344675064087,1
case118,118,GraphSAGE,True,4,0.03469681739807129,True,5,0.04959368705749512,-25.0,0.6996216546240343,1.2281371355056763,1
case118,118,GAT,True,4,0.03469681739807129,True,5,0.03374600410461426,-25.0,1.0281755816335902,1.1692900657653809,1
case118,118,GCN,True,4,0.03308701515197754,True,5,0.03443717956542969,-25.0,0.9607934090279701,1.1795035600662231,1
case118,118,GraphSAGE,True,4,0.03308701515197754,True,5,0.0366363525390625,-25.0,0.9031197938359017,1.2400999069213867,1
case118,118,GAT,True,4,0.03308701515197754,True,5,0.039655447006225586,-25.0,0.8343624306336314,1.1806023120880127,1
case30,30,GCN,True,3,0.023990154266357422,True,4,0.027984619140625,-33.33333333333333,0.8572621319520175,3.0385286808013916,0
case30,30,GraphSAGE,True,3,0.023990154266357422,True,4,0.025928974151611328,-33.33333333333333,0.9252257388233996,2.9248199462890625,0
case30,30,GAT,True,3,0.023990154266357422,True,4,0.030475616455078125,-33.33333333333333,0.7871917636750532,3.0362300872802734,0
case30,30,GCN,True,3,0.02348470687866211,True,4,0.026128053665161133,-33.33333333333333,0.8988310870616576,2.4111099243164062,0
case30,30,GraphSAGE,True,3,0.02348470687866211,True,4,0.02485823631286621,-33.33333333333333,0.9447454993621899,2.3150978088378906,0
case30,30,GAT,True,3,0.02348470687866211,True,4,0.023212432861328125,-33.33333333333333,1.0117296631059984,2.4091689586639404,0
case118,118,GCN,True,4,0.032536983489990234,True,5,0.05879354476928711,-25.0,0.5534108143618358,1.2049047946929932,1
case118,118,GraphSAGE,True,4,0.032536983489990234,True,5,0.05449271202087402,-25.0,0.5970887166989705,1.2616125345230103,1
case118,118,GAT,True,4,0.032536983489990234,True,5,0.052289485931396484,-25.0,0.6222471479769103,1.2060465812683105,1
case14,14,GCN,True,4,0.0422210693359375,True,4,0.037757158279418945,0.0,1.1182268809396017,1.5679681301116943,0
case14,14,GraphSAGE,True,4,0.0422210693359375,True,4,0.03854227066040039,0.0,1.095448415791362,1.6203051805496216,0
case14,14,GAT,True,4,0.0422210693359375,True,4,0.03989434242248535,0.0,1.058322227468042,1.5690261125564575,0
case30,30,GCN,True,3,0.04362034797668457,True,4,0.03804492950439453,-33.33333333333333,1.1465482666131903,2.802452325820923,0
case30,30,GraphSAGE,True,3,0.04362034797668457,True,4,0.04217410087585449,-33.33333333333333,1.0342923043003884,2.689375400543213,0
case30,30,GAT,True,3,0.04362034797668457,True,4,0.040630340576171875,-33.33333333333333,1.0735905079335273,2.800159454345703,0
case118,118,GCN,True,4,0.034171342849731445,True,5,0.03578019142150879,-25.0,0.9550352161947852,1.2006638050079346,1
case118,118,GraphSAGE,True,4,0.034171342849731445,True,5,0.03563547134399414,-25.0,0.9589137328890851,1.256856083869934,1
case118,118,GAT,True,4,0.034171342849731445,True,5,0.03391122817993164,-25.0,1.0076704585401521,1.201718807220459,1
case118,118,GCN,True,4,0.034983158111572266,True,5,0.0352783203125,-25.0,0.9916333261245674,1.1684820652008057,1
case118,118,GraphSAGE,True,4,0.034983158111572266,True,5,0.03526926040649414,-25.0,0.9918880551612249,1.2242261171340942,1
case118,118,GAT,True,4,0.034983158111572266,True,5,0.03432726860046387,-25.0,1.0191069530973267,1.1695376634597778,1
case118,118,GCN,True,4,0.04398345947265625,True,5,0.034337520599365234,-25.0,1.280915415700379,1.1918368339538574,1
case118,118,GraphSAGE,True,4,0.04398345947265625,True,5,0.035437822341918945,-25.0,1.241144533326157,1.2527258396148682,1
case118,118,GAT,True,4,0.04398345947265625,True,5,0.03655886650085449,-25.0,1.2030859729096968,1.1928919553756714,1
case14,14,GCN,True,4,0.029921293258666992,True,4,0.026825428009033203,0.0,1.1154078603551558,1.348136305809021,0
case14,14,GraphSAGE,True,4,0.029921293258666992,True,4,0.026404142379760742,0.0,1.1332045111831472,1.400752305984497,0
case14,14,GAT,True,4,0.029921293258666992,True,4,0.026825904846191406,0.0,1.1153880337018736,1.3491997718811035,0
case14,14,GCN,True,4,0.031414031982421875,True,4,0.02852630615234375,0.0,1.1012302754747259,1.4013123512268066,0
case14,14,GraphSAGE,True,4,0.031414031982421875,True,4,0.03863263130187988,0.0,0.8131476144337404,1.4538607597351074,0
case14,14,GAT,True,4,0.031414031982421875,True,4,0.02637934684753418,0.0,1.190857080881755,1.402374505996704,0
case118,118,GCN,True,4,0.03299379348754883,True,5,0.03420424461364746,-25.0,0.9646110843910973,1.2298221588134766,1
case118,118,GraphSAGE,True,4,0.03299379348754883,True,5,0.03272271156311035,-25.0,1.0082842133640317,1.284833312034607,1
case118,118,GAT,True,4,0.03299379348754883,True,5,0.03241372108459473,-25.0,1.017895890491567,1.2308330535888672,1
case118,118,GCN,True,4,0.051589012145996094,True,5,0.050086021423339844,-25.0,1.0300081875130904,1.1411558389663696,1
case118,118,GraphSAGE,True,4,0.051589012145996094,True,5,0.053403615951538086,-25.0,0.966020956199133,1.1970564126968384,1
case118,118,GAT,True,4,0.051589012145996094,True,5,0.4152977466583252,-25.0,0.12422174827844548,1.1422122716903687,1
case118,118,GCN,True,4,0.05383419990539551,True,5,0.05174112319946289,-25.0,1.0404528656609129,1.1721493005752563,1
case118,118,GraphSAGE,True,4,0.05383419990539551,True,5,0.05484747886657715,-25.0,0.9815255143514151,1.2259196043014526,1
case118,118,GAT,True,4,0.05383419990539551,True,5,0.05873727798461914,-25.0,0.9165252758136401,1.1731617450714111,1
case30,30,GCN,True,3,0.023101329803466797,True,4,0.02400827407836914,-33.33333333333333,0.9622236787225168,2.969615936279297,0
case30,30,GraphSAGE,True,3,0.023101329803466797,True,4,0.02310800552368164,-33.33333333333333,0.9997111079011989,2.855994701385498,0
case30,30,GAT,True,3,0.023101329803466797,True,4,0.023487329483032227,-33.33333333333333,0.9835656207810137,2.9673190116882324,0
case14,14,GCN,True,4,0.029596567153930664,True,4,0.028809785842895508,0.0,1.0273095161250279,1.4872322082519531,0
case14,14,GraphSAGE,True,4,0.029596567153930664,True,4,0.028216123580932617,0.0,1.0489239270957438,1.5396720170974731,0
case14,14,GAT,True,4,0.029596567153930664,True,4,0.031037330627441406,0.0,0.953579658933784,1.4882924556732178,0
case30,30,GCN,True,3,0.023353099822998047,True,4,0.02733755111694336,-33.33333333333333,0.8542498822626502,3.3751840591430664,0
case30,30,GraphSAGE,True,3,0.023353099822998047,True,4,0.024562835693359375,-33.33333333333333,0.9507493399596211,3.259754180908203,0
case30,30,GAT,True,3,0.023353099822998047,True,4,0.02354145050048828,-33.33333333333333,0.9919991897913712,3.3727056980133057,0
case118,118,GCN,True,4,0.033109426498413086,True,5,0.03536272048950195,-25.0,0.9362805248041424,1.142457365989685,1
case118,118,GraphSAGE,True,4,0.033109426498413086,True,5,0.031606435775756836,-25.0,1.0475533126645395,1.1953424215316772,1
case118,118,GAT,True,4,0.033109426498413086,True,5,0.03244280815124512,-25.0,1.020547492191806,1.1433836221694946,1
case14,14,GCN,True,4,0.03004765510559082,True,4,0.026227951049804688,0.0,1.1456348629190605,1.4917032718658447,0
case14,14,GraphSAGE,True,4,0.03004765510559082,True,4,0.027311086654663086,0.0,1.1001999109566918,1.5441370010375977,0
case14,14,GAT,True,4,0.03004765510559082,True,4,0.02699136734008789,0.0,1.1132320466389896,1.4927631616592407,0
case118,118,GCN,True,4,0.03381657600402832,True,5,0.031461238861083984,-25.0,1.0748647296867184,1.1104559898376465,1
case118,118,GraphSAGE,True,4,0.03381657600402832,True,5,0.035125017166137695,-25.0,0.9627490242660784,1.1680268049240112,1
case118,118,GAT,True,4,0.03381657600402832,True,5,0.035047054290771484,-25.0,0.9648906787847453,1.111547827720642,1
case14,14,GCN,True,4,0.029102563858032227,True,4,0.026283979415893555,0.0,1.1072358335676642,1.3446780443191528,0
case14,14,GraphSAGE,True,4,0.029102563858032227,True,4,0.028018712997436523,0.0,1.038683106561492,1.3972983360290527,0
case14,14,GAT,True,4,0.029102563858032227,True,4,0.025997161865234375,0.0,1.119451577402788,1.345741868019104,0
case118,118,GCN,True,4,0.04747366905212402,True,5,0.05146312713623047,-25.0,0.9224792913663066,1.1801402568817139,1
case118,118,GraphSAGE,True,4,0.04747366905212402,True,5,0.050308942794799805,-25.0,0.9436427484823066,1.2341645956039429,1
case118,118,GAT,True,4,0.04747366905212402,True,5,0.05305051803588867,-25.0,0.8948766347579884,1.1811957359313965,1
case118,118,GCN,True,4,0.05354619026184082,True,5,0.05939936637878418,-25.0,0.901460630411136,1.1785517930984497,1
case118,118,GraphSAGE,True,4,0.05354619026184082,True,5,0.06837034225463867,-25.0,0.7831786195016146,1.2459644079208374,1
case118,118,GAT,True,4,0.05354619026184082,True,5,0.0684974193572998,-25.0,0.7817256586343844,1.1797375679016113,1
case14,14,GCN,True,4,0.029291391372680664,True,4,0.0313410758972168,0.0,0.9346006968217019,1.385445475578308,0
case14,14,GraphSAGE,True,4,0.029291391372680664,True,4,0.026287555694580078,0.0,1.1142683524098025,1.434509038925171,0
case14,14,GAT,True,4,0.029291391372680664,True,4,0.028561830520629883,0.0,1.025543210597928,1.386142373085022,0
case118,118,GCN,True,4,0.04127931594848633,True,5,0.049289703369140625,-25.0,0.8374835539044966,1.197374701499939,1
case118,118,GraphSAGE,True,4,0.04127931594848633,True,5,0.03418874740600586,-25.0,1.2073948032748016,1.2429957389831543,1
case118,118,GAT,True,4,0.04127931594848633,True,5,0.03412485122680664,-25.0,1.2096555578844408,1.1982561349868774,1
case14,14,GCN,True,4,0.030088424682617188,True,4,0.02716517448425293,0.0,1.1076102124821177,1.4397794008255005,0
case14,14,GraphSAGE,True,4,0.030088424682617188,True,4,0.02681708335876465,0.0,1.1219872153913175,1.4922789335250854,0
case14,14,GAT,True,4,0.030088424682617188,True,4,0.026723384857177734,0.0,1.125921167674821,1.440840482711792,0
case30,30,GCN,True,3,0.02379441261291504,True,4,0.024019718170166016,-33.33333333333333,0.9906199749865999,2.166917085647583,0
case30,30,GraphSAGE,True,3,0.02379441261291504,True,4,0.024041414260864258,-33.33333333333333,0.9897259934349495,2.1385550498962402,0
case30,30,GAT,True,3,0.02379441261291504,True,4,0.025518417358398438,-33.33333333333333,0.9324407653785783,2.1661784648895264,0
case30,30,GCN,True,3,0.024351835250854492,True,4,0.02400946617126465,-33.33333333333333,1.014259753929873,3.4052603244781494,0
case30,30,GraphSAGE,True,3,0.024351835250854492,True,4,0.02408003807067871,-33.33333333333333,1.0112872404677273,3.285266876220703,0
case30,30,GAT,True,3,0.024351835250854492,True,4,0.02647566795349121,-33.33333333333333,0.9197817140490063,3.4027819633483887,0
case30,30,GCN,True,3,0.023685455322265625,True,4,0.02435159683227539,-33.33333333333333,0.9726448530419628,3.0636816024780273,0
case30,30,GraphSAGE,True,3,0.023685455322265625,True,4,0.023403167724609375,-33.33333333333333,1.0120619396903014,2.949941396713257,0
case30,30,GAT,True,3,0.023685455322265625,True,4,0.02417445182800293,-33.33333333333333,0.9797721781152917,3.06138277053833,0
case14,14,GCN,True,4,0.034564971923828125,True,4,0.025580406188964844,0.0,1.351228423368005,1.4812276363372803,0
case14,14,GraphSAGE,True,4,0.034564971923828125,True,4,0.02694082260131836,0.0,1.282996159224057,1.5336745977401733,0
case14,14,GAT,True,4,0.034564971923828125,True,4,0.02630019187927246,0.0,1.3142478991215745,1.482287883758545,0
case118,118,GCN,True,4,0.049805641174316406,True,5,0.051165103912353516,-25.0,0.97342988415765,1.1785913705825806,1
case118,118,GraphSAGE,True,4,0.049805641174316406,True,5,0.051685333251953125,-25.0,0.9636320023617979,1.2375617027282715,1
case118,118,GAT,True,4,0.049805641174316406,True,5,0.050667524337768555,-25.0,0.9829894360398089,1.1796903610229492,1
case14,14,GCN,True,4,0.04496145248413086,True,4,0.040827274322509766,0.0,1.1012602048562852,1.4680156707763672,0
case14,14,GraphSAGE,True,4,0.04496145248413086,True,4,0.05133533477783203,0.0,0.8758383027735979,1.5385879278182983,0
case14,14,GAT,True,4,0.04496145248413086,True,4,0.04686427116394043,0.0,0.9593972415968417,1.4694422483444214,0
case14,14,GCN,True,4,0.030596017837524414,True,4,0.02711772918701172,0.0,1.12826622120626,1.3541823625564575,0
case14,14,GraphSAGE,True,4,0.030596017837524414,True,4,0.029898881912231445,0.0,1.0233164546868148,1.3954415321350098,0
case14,14,GAT,True,4,0.030596017837524414,True,4,0.026979446411132812,0.0,1.1340491339696006,1.3548797369003296,0
case118,118,GCN,True,4,0.036060333251953125,True,5,0.031705379486083984,-25.0,1.1373569355251087,1.1975857019424438,1
case118,118,GraphSAGE,True,4,0.036060333251953125,True,5,0.03300762176513672,-25.0,1.0924850481060935,1.2517834901809692,1
case118,118,GAT,True,4,0.036060333251953125,True,5,0.032834768295288086,-25.0,1.0982362636963672,1.1985973119735718,1
case30,30,GCN,True,3,0.0240936279296875,True,4,0.023946046829223633,-33.33333333333333,1.0061630673954818,3.2800652980804443,0
case30,30,GraphSAGE,True,3,0.0240936279296875,True,4,0.025129079818725586,-33.33333333333333,0.9587946754713043,3.161034345626831,0
case30,30,GAT,True,3,0.0240936279296875,True,4,0.024640321731567383,-33.33333333333333,0.9778130412485849,3.2775893211364746,0
case14,14,GCN,True,4,0.02988266944885254,True,4,0.026828527450561523,0.0,1.113839345223813,1.513260841369629,0
case14,14,GraphSAGE,True,4,0.02988266944885254,True,4,0.02706313133239746,0.0,1.1041837354970003,1.5656673908233643,0
case14,14,GAT,True,4,0.02988266944885254,True,4,0.03186321258544922,0.0,0.9378423273772111,1.5143202543258667,0
case118,118,GCN,True,4,0.034180641174316406,True,5,0.03521990776062012,-25.0,0.9704920696167828,1.1802356243133545,1
case118,118,GraphSAGE,True,4,0.034180641174316406,True,5,0.034793853759765625,-25.0,0.9823758359828966,1.2288010120391846,1
case118,118,GAT,True,4,0.034180641174316406,True,5,0.03372621536254883,-25.0,1.0134739640034498,1.1811610460281372,1
case30,30,GCN,True,3,0.02502608299255371,True,4,0.02410149574279785,-33.33333333333333,1.03836223525804,2.21789288520813,0
case30,30,GraphSAGE,True,3,0.02502608299255371,True,4,0.023319482803344727,-33.33333333333333,1.0731834493758243,2.147477388381958,0
case30,30,GAT,True,3,0.02502608299255371,True,4,0.024273395538330078,-33.33333333333333,1.0310087417738925,2.2164695262908936,0
case30,30,GCN,True,3,0.024335384368896484,True,4,0.023530960083007812,-33.33333333333333,1.0341857826051715,3.207517147064209,0
case30,30,GraphSAGE,True,3,0.024335384368896484,True,4,0.0262298583984375,-33.33333333333333,0.9277741419429901,3.093594789505005,0
case30,30,GAT,True,3,0.024335384368896484,True,4,0.023638486862182617,-33.33333333333333,1.0294814769987997,3.205214023590088,0
case118,118,GCN,True,4,0.03432011604309082,True,5,0.04584980010986328,-25.0,0.7485336023462362,1.159773349761963,1
case118,118,GraphSAGE,True,4,0.03432011604309082,True,5,0.05900096893310547,-25.0,0.5816873292708552,1.211348295211792,1
case118,118,GAT,True,4,0.03432011604309082,True,5,0.05492734909057617,-25.0,0.6248274604786832,1.1607428789138794,1
case14,14,GCN,True,4,0.051874399185180664,True,4,0.04323625564575195,0.0,1.1997893529496102,1.4680734872817993,0
case14,14,GraphSAGE,True,4,0.051874399185180664,True,4,0.04163503646850586,0.0,1.245931397812518,1.520537257194519,0
case14,14,GAT,True,4,0.051874399185180664,True,4,0.040937185287475586,0.0,1.2671706376708618,1.4691338539123535,0
case118,118,GCN,True,4,0.03782320022583008,True,5,0.03682255744934082,-25.0,1.027174722393085,1.21712064743042,1
case118,118,GraphSAGE,True,4,0.03782320022583008,True,5,0.03554224967956543,-25.0,1.0641757504611773,1.2756160497665405,1
case118,118,GAT,True,4,0.03782320022583008,True,5,0.033598899841308594,-25.0,1.1257273423973206,1.218218445777893,1
case14,14,GCN,True,4,0.03432631492614746,True,4,0.027587175369262695,0.0,1.2442852327822382,1.4235540628433228,0
case14,14,GraphSAGE,True,4,0.03432631492614746,True,4,0.02629709243774414,0.0,1.3053273858093528,1.4760745763778687,0
case14,14,GAT,True,4,0.03432631492614746,True,4,0.03373908996582031,0.0,1.0174048843914296,1.4246158599853516,0
case118,118,GCN,True,4,0.04203534126281738,True,5,0.0336301326751709,-25.0,1.2499308780263019,1.1981009244918823,1
case118,118,GraphSAGE,True,4,0.04203534126281738,True,5,0.03578639030456543,-25.0,1.1746180853969714,1.251298189163208,1
case118,118,GAT,True,4,0.04203534126281738,True,5,0.03336906433105469,-25.0,1.259709917119177,1.1990692615509033,1
case14,14,GCN,True,4,0.030208110809326172,True,4,0.027373075485229492,0.0,1.1035702153974793,1.4395257234573364,0
case14,14,GraphSAGE,True,4,0.030208110809326172,True,4,0.02712726593017578,0.0,1.1135700474600105,1.4920254945755005,0
case14,14,GAT,True,4,0.030208110809326172,True,4,0.02730393409729004,0.0,1.1063647715266196,1.4405866861343384,0
case118,118,GCN,True,4,0.03385329246520996,True,5,0.03419828414916992,-25.0,0.9899120177358859,1.2476940155029297,1
case118,118,GraphSAGE,True,4,0.03385329246520996,True,5,0.03807830810546875,-25.0,0.8890440292526548,1.3058764934539795,1
case118,118,GAT,True,4,0.03385329246520996,True,5,0.03515768051147461,-25.0,0.962898916330987,1.248834252357483,1
case14,14,GCN,True,4,0.02978658676147461,True,4,0.026677846908569336,0.0,1.11652888869029,1.4119292497634888,0
case14,14,GraphSAGE,True,4,0.02978658676147461,True,4,0.027425289154052734,0.0,1.0860992784491001,1.4644643068313599,0
case14,14,GAT,True,4,0.02978658676147461,True,4,0.3320343494415283,0.0,0.08970935329906302,1.4129912853240967,0
case118,118,GCN,True,4,0.04141068458557129,True,5,0.03338217735290527,-25.0,1.240502803271078,1.2195478677749634,1
case118,118,GraphSAGE,True,4,0.04141068458557129,True,5,0.03559112548828125,-25.0,1.1635115219721328,1.271751046180725,1
case118,118,GAT,True,4,0.04141068458557129,True,5,0.06073951721191406,-25.0,0.681775003925263,1.220515251159668,1
case30,30,GCN,True,3,0.035750389099121094,True,4,0.03831005096435547,-33.33333333333333,0.9331856314256554,3.2038514614105225,0
case30,30,GraphSAGE,True,3,0.035750389099121094,True,4,0.03718829154968262,-33.33333333333333,0.9613345386237891,3.0899336338043213,0
case30,30,GAT,True,3,0.035750389099121094,True,4,0.03878378868103027,-33.33333333333333,0.9217869196107481,3.2015483379364014,0
case14,14,GCN,True,4,0.0529017448425293,True,4,0.0418398380279541,0.0,1.2643869416316693,1.3672387599945068,0
case14,14,GraphSAGE,True,4,0.0529017448425293,True,4,0.04758429527282715,0.0,1.1117479945686757,1.419830560684204,0
case14,14,GAT,True,4,0.0529017448425293,True,4,0.04619288444519043,0.0,1.1452357971994405,1.3683018684387207,0
case118,118,GCN,True,4,0.0333254337310791,True,5,0.033203125,-25.0,1.003683651194853,1.2015175819396973,1
case118,118,GraphSAGE,True,4,0.0333254337310791,True,5,0.03387093544006348,-25.0,0.983894696089818,1.2601292133331299,1
case118,118,GAT,True,4,0.0333254337310791,True,5,0.033084869384765625,-25.0,1.0072711287904992,1.2026594877243042,1
case30,30,GCN,True,3,0.025670528411865234,True,4,0.02456355094909668,-33.33333333333333,1.0450658565230473,2.431816339492798,0
case30,30,GraphSAGE,True,3,0.025670528411865234,True,4,0.02786087989807129,-33.33333333333333,0.9213825444774383,2.344228744506836,0
case30,30,GAT,True,3,0.025670528411865234,True,4,0.024236202239990234,-33.33333333333333,1.0591811438802212,2.4300460815429688,0
case30,30,GCN,True,3,0.023564577102661133,True,4,0.022715091705322266,-33.33333333333333,1.0373974011797553,2.1351239681243896,0
case30,30,GraphSAGE,True,3,0.023564577102661133,True,4,0.023560285568237305,-33.33333333333333,1.0001821512057398,2.0691967010498047,0
case30,30,GAT,True,3,0.023564577102661133,True,4,0.023676156997680664,-33.33333333333333,0.9952872463622174,2.133702516555786,0
case14,14,GCN,True,4,0.03132200241088867,True,4,0.029371261596679688,0.0,1.0664166504318462,1.4379141330718994,0
case14,14,GraphSAGE,True,4,0.03132200241088867,True,4,0.026752948760986328,0.0,1.1707869173870422,1.4904162883758545,0
case14,14,GAT,True,4,0.03132200241088867,True,4,0.02686452865600586,0.0,1.1659241378086227,1.4389755725860596,0
case14,14,GCN,True,4,0.033478736877441406,True,4,0.026432514190673828,0.0,1.2665740623816137,1.5663021802902222,0
case14,14,GraphSAGE,True,4,0.033478736877441406,True,4,0.02578592300415039,0.0,1.2983338572775858,1.6186413764953613,0
case14,14,GAT,True,4,0.033478736877441406,True,4,0.02823662757873535,0.0,1.1856492700514214,1.5673600435256958,0
case118,118,GCN,True,4,0.03555631637573242,True,5,0.03537178039550781,-25.0,1.0052170396333244,1.192351222038269,1
case118,118,GraphSAGE,True,4,0.03555631637573242,True,5,0.03585982322692871,-25.0,0.9915362981776115,1.2531055212020874,1
case118,118,GAT,True,4,0.03555631637573242,True,5,0.03534722328186035,-25.0,1.005915403657163,1.1935410499572754,1
case14,14,GCN,True,4,0.04391741752624512,True,4,0.02651667594909668,0.0,1.6562188115340004,1.475968360900879,0
case14,14,GraphSAGE,True,4,0.04391741752624512,True,4,0.028275012969970703,0.0,1.5532236032177007,1.528422236442566,0
case14,14,GAT,True,4,0.04391741752624512,True,4,0.028156757354736328,0.0,1.559746989788142,1.4770286083221436,0
case14,14,GCN,True,4,0.04307103157043457,True,4,0.03930068016052246,0.0,1.0959360345549294,1.4329445362091064,0
case14,14,GraphSAGE,True,4,0.04307103157043457,True,4,0.03735780715942383,0.0,1.1529325419618355,1.4854530096054077,0
case14,14,GAT,True,4,0.04307103157043457,True,4,0.04320049285888672,0.0,0.9970032451047485,1.434005856513977,0
case14,14,GCN,True,4,0.0471951961517334,True,4,0.04794120788574219,0.0,0.9844390292420927,1.3627915382385254,0
case14,14,GraphSAGE,True,4,0.0471951961517334,True,4,0.0431370735168457,0.0,1.0940750566517439,1.4153891801834106,0
case14,14,GAT,True,4,0.0471951961517334,True,4,0.04727458953857422,0.0,0.9983205906679309,1.363855004310608,0
case14,14,GCN,True,4,0.03053569793701172,True,4,0.028023242950439453,0.0,1.0896561112150964,1.4634007215499878,0
case14,14,GraphSAGE,True,4,0.03053569793701172,True,4,0.02737116813659668,0.0,1.115615445589401,1.515870451927185,0
case14,14,GAT,True,4,0.03053569793701172,True,4,0.031171083450317383,0.0,0.9796161877299393,1.464461326599121,0
case118,118,GCN,True,4,0.033811330795288086,True,5,0.033202171325683594,-25.0,1.0183469768777826,1.2178890705108643,1
case118,118,GraphSAGE,True,4,0.033811330795288086,True,5,0.04442882537841797,-25.0,0.7610223882198897,1.2786853313446045,1
case118,118,GAT,True,4,0.033811330795288086,True,5,0.03418397903442383,-25.0,0.9890987459721854,1.2190738916397095,1
case14,14,GCN,True,4,0.031373023986816406,True,4,0.028834819793701172,0.0,1.0880256651948867,1.371320366859436,0
case14,14,GraphSAGE,True,4,0.031373023986816406,True,4,0.02768874168395996,0.0,1.1330606621604167,1.423906683921814,0
case14,14,GAT,True,4,0.031373023986816406,True,4,0.026189088821411133,0.0,1.1979425554189995,1.3723835945129395,0
case14,14,GCN,True,4,0.03220558166503906,True,4,0.02904057502746582,0.0,1.1089856738229136,1.3685224056243896,0
case14,14,GraphSAGE,True,4,0.03220558166503906,True,4,0.02826213836669922,0.0,1.1395309600134975,1.4211124181747437,0
case14,14,GAT,True,4,0.03220558166503906,True,4,0.03037858009338379,0.0,1.0601411114686423,1.3695855140686035,0
case14,14,GCN,True,4,0.032346248626708984,True,4,0.02907562255859375,0.0,1.1124868800839676,1.4754517078399658,0
case14,14,GraphSAGE,True,4,0.032346248626708984,True,4,0.030261754989624023,0.0,1.0688821133407391,1.5279061794281006,0
case14,14,GAT,True,4,0.032346248626708984,True,4,0.03327369689941406,0.0,0.9721266838635713,1.4765119552612305,0
case118,118,GCN,True,4,0.03559517860412598,True,5,0.04279637336730957,-25.0,0.8317335279469196,1.1571732759475708,1
case118,118,GraphSAGE,True,4,0.03559517860412598,True,5,0.054981231689453125,-25.0,0.6474059876500382,1.2168605327606201,1
case118,118,GAT,True,4,0.03559517860412598,True,5,0.036299943923950195,-25.0,0.9805849474230393,1.1581425666809082,1
case14,14,GCN,True,4,0.04523897171020508,True,4,0.04171156883239746,0.0,1.0845665357728735,1.3698128461837769,0
case14,14,GraphSAGE,True,4,0.04523897171020508,True,4,0.04156851768493652,0.0,1.0882988913169411,1.4042928218841553,0
case14,14,GAT,True,4,0.04523897171020508,True,4,0.04156899452209473,0.0,1.0882864074607261,1.3705096244812012,0
case30,30,GCN,True,3,0.037535667419433594,True,4,0.03750920295715332,-33.33333333333333,1.0007055458445893,3.417898416519165,0
case30,30,GraphSAGE,True,3,0.037535667419433594,True,4,0.03737306594848633,-33.33333333333333,1.0043507661686464,3.3037092685699463,0
case30,30,GAT,True,3,0.037535667419433594,True,4,0.03730201721191406,-33.33333333333333,1.0062637418827018,3.4155900478363037,0
case30,30,GCN,True,3,0.025169849395751953,True,4,0.024669408798217773,-33.33333333333333,1.0202858772023078,2.2723588943481445,0
case30,30,GraphSAGE,True,3,0.025169849395751953,True,4,0.025786161422729492,-33.33333333333333,0.9760991170079978,2.2185614109039307,0
case30,30,GAT,True,3,0.025169849395751953,True,4,0.025799989700317383,-33.33333333333333,0.9755759474369993,2.2711050510406494,0
case14,14,GCN,True,4,0.031354427337646484,True,4,0.02995467185974121,0.0,1.0467291207348037,1.5213388204574585,0
case14,14,GraphSAGE,True,4,0.031354427337646484,True,4,0.031125783920288086,0.0,1.007345788236015,1.573735237121582,0
case14,14,GAT,True,4,0.031354427337646484,True,4,0.02917766571044922,0.0,1.0746036934139565,1.5223982334136963,0
case118,118,GCN,True,4,0.03424263000488281,True,5,0.03458428382873535,-25.0,0.9901211247992169,1.2046669721603394,1
case118,118,GraphSAGE,True,4,0.03424263000488281,True,5,0.03559732437133789,-25.0,0.9619439272366818,1.2704477310180664,1
case118,118,GAT,True,4,0.03424263000488281,True,5,0.034804582595825195,-25.0,0.9838540632000055,1.2059823274612427,1
case14,14,GCN,True,4,0.031487226486206055,True,4,0.029455184936523438,0.0,1.0689875671825422,1.4073556661605835,0
case14,14,GraphSAGE,True,4,0.031487226486206055,True,4,0.0283963680267334,0.0,1.1088469643921648,1.4417881965637207,0
case14,14,GAT,True,4,0.031487226486206055,True,4,0.03034210205078125,0.0,1.0377404450590897,1.4080517292022705,0
case118,118,GCN,True,4,0.03687596321105957,True,5,0.03906679153442383,-25.0,0.9439209559496637,1.1610976457595825,1
case118,118,GraphSAGE,True,4,0.03687596321105957,True,5,0.03924822807312012,-25.0,0.9395574022439694,1.2154852151870728,1
case118,118,GAT,True,4,0.03687596321105957,True,5,0.03629446029663086,-25.0,1.0160218091046442,1.1621971130371094,1
case118,118,GCN,True,4,0.0342097282409668,True,5,0.035736083984375,-25.0,0.9572881084543126,1.167292594909668,1
case118,118,GraphSAGE,True,4,0.0342097282409668,True,5,0.035134315490722656,-25.0,0.9736842105263158,1.22239089012146,1
case118,118,GAT,True,4,0.0342097282409668,True,5,0.03590226173400879,-25.0,0.9528571902911976,1.1683049201965332,1
case14,14,GCN,True,4,0.06663799285888672,True,4,0.04520535469055176,0.0,1.4741172437435721,1.4472531080245972,0
case14,14,GraphSAGE,True,4,0.06663799285888672,True,4,0.04968380928039551,0.0,1.3412416202390722,1.4997433423995972,0
case14,14,GAT,True,4,0.06663799285888672,True,4,0.04185152053833008,0.0,1.5922478323781746,1.4483143091201782,0
case118,118,GCN,True,4,0.052381277084350586,True,5,0.06003069877624512,-25.0,0.8725748350788564,1.196341633796692,1
case118,118,GraphSAGE,True,4,0.052381277084350586,True,5,0.05137777328491211,-25.0,1.0195318663164636,1.2491978406906128,1
case118,118,GAT,True,4,0.052381277084350586,True,5,0.051598548889160156,-25.0,1.0151695776730432,1.1973533630371094,1
case118,118,GCN,True,4,0.03448367118835449,True,5,0.03770804405212402,-25.0,0.914491113373251,1.1666100025177002,1
case118,118,GraphSAGE,True,4,0.03448367118835449,True,5,0.03560805320739746,-25.0,0.9684233784842419,1.2181246280670166,1
case118,118,GAT,True,4,0.03448367118835449,True,5,0.04893231391906738,-25.0,0.7047218581444866,1.1675790548324585,1
case118,118,GCN,True,4,0.0353543758392334,True,5,0.03561115264892578,-25.0,0.9927894271712059,1.164167881011963,1
case118,118,GraphSAGE,True,4,0.0353543758392334,True,5,0.04026627540588379,-25.0,0.8780145539377935,1.2283298969268799,1
case118,118,GAT,True,4,0.0353543758392334,True,5,0.03500103950500488,-25.0,1.0100950240114437,1.1653106212615967,1
case14,14,GCN,True,4,0.03116464614868164,True,4,0.028027772903442383,0.0,1.1119201748938812,1.4176031351089478,0
case14,14,GraphSAGE,True,4,0.03116464614868164,True,4,0.027635574340820312,0.0,1.1277003243840154,1.4701309204101562,0
case14,14,GAT,True,4,0.03116464614868164,True,4,0.02934551239013672,0.0,1.0619901855643301,1.4186649322509766,0
case118,118,GCN,True,4,0.03481721878051758,True,5,0.035170793533325195,-25.0,0.9899469213717741,1.1464180946350098,1
case118,118,GraphSAGE,True,4,0.03481721878051758,True,5,0.03339982032775879,-25.0,1.0424373077115263,1.2074036598205566,1
case118,118,GAT,True,4,0.03481721878051758,True,5,0.0334317684173584,-25.0,1.0414411330523523,1.1475179195404053,1
case30,30,GCN,True,3,0.0243380069732666,True,4,0.024744033813476562,-33.33333333333333,0.9835909196022509,2.397367238998413,0
case30,30,GraphSAGE,True,3,0.0243380069732666,True,4,0.024568796157836914,-33.33333333333333,0.9906064105425574,2.358593463897705,0
case30,30,GAT,True,3,0.0243380069732666,True,4,0.025067567825317383,-33.33333333333333,0.9708962250691928,2.396451473236084,0
case14,14,GCN,True,4,0.030746936798095703,True,4,0.026941537857055664,0.0,1.1412465376412597,1.5121445655822754,0
case14,14,GraphSAGE,True,4,0.030746936798095703,True,4,0.029694318771362305,0.0,1.0354484652380227,1.564552664756775,0
case14,14,GAT,True,4,0.030746936798095703,True,4,0.043392181396484375,0.0,0.7085824175824176,1.5132039785385132,0
case118,118,GCN,True,4,0.03379487991333008,True,5,0.034220218658447266,-25.0,0.9875705427436773,1.2196458578109741,1
case118,118,GraphSAGE,True,4,0.03379487991333008,True,5,0.03547525405883789,-25.0,0.9526324986222563,1.266638994216919,1
case118,118,GAT,True,4,0.03379487991333008,True,5,0.035394906997680664,-25.0,0.9547949911422162,1.2205700874328613,1
case118,118,GCN,True,4,0.052436113357543945,True,5,0.05682110786437988,-25.0,0.9228280709115704,1.1891521215438843,1
case118,118,GraphSAGE,True,4,0.052436113357543945,True,5,0.058251380920410156,-25.0,0.9001694471275847,1.244213342666626,1
case118,118,GAT,True,4,0.052436113357543945,True,5,0.056246042251586914,-25.0,0.9322631648107566,1.1902074813842773,1
case30,30,GCN,True,3,0.03757309913635254,True,4,0.03595900535583496,-33.33333333333333,1.0448870530356775,3.0590803623199463,0
case30,30,GraphSAGE,True,3,0.03757309913635254,True,4,0.03680729866027832,-33.33333333333333,1.0208056690914038,2.9453461170196533,0
case30,30,GAT,True,3,0.03757309913635254,True,4,0.03678297996520996,-33.33333333333333,1.0214805644319707,3.056781530380249,0
case118,118,GCN,True,4,0.03300881385803223,True,5,0.034317970275878906,-25.0,0.9618521606224816,1.2022160291671753,1
case118,118,GraphSAGE,True,4,0.03300881385803223,True,5,0.03447318077087402,-25.0,0.9575215608163717,1.2598707675933838,1
case118,118,GAT,True,4,0.03300881385803223,True,5,0.03941988945007324,-25.0,0.837364445170226,1.2033579349517822,1
case30,30,GCN,True,3,0.024061203002929688,True,4,0.02442646026611328,-33.33333333333333,0.9850466559950025,3.3220534324645996,0
case30,30,GraphSAGE,True,3,0.024061203002929688,True,4,0.02423572540283203,-33.33333333333333,0.9927989611616101,3.2079856395721436,0
case30,30,GAT,True,3,0.024061203002929688,True,4,0.024043798446655273,-33.33333333333333,1.0007238688310014,3.3197474479675293,0
case118,118,GCN,True,4,0.03529167175292969,True,5,0.036741018295288086,-25.0,0.9605523578385885,1.157249093055725,1
case118,118,GraphSAGE,True,4,0.03529167175292969,True,5,0.0342104434967041,-25.0,1.0316052101554822,1.2204043865203857,1
case118,118,GAT,True,4,0.03529167175292969,True,5,0.0374295711517334,-25.0,0.9428820760425757,1.158348798751831,1
case30,30,GCN,True,3,0.024281740188598633,True,4,0.031394004821777344,-33.33333333333333,0.773451502171998,2.098222494125366,0
case30,30,GraphSAGE,True,3,0.024281740188598633,True,4,0.02407526969909668,-33.33333333333333,1.0085760405628894,2.066364049911499,0
case30,30,GAT,True,3,0.024281740188598633,True,4,0.024662494659423828,-33.33333333333333,0.9845613967247346,2.097485303878784,0
case30,30,GCN,True,3,0.025051593780517578,True,4,0.026236295700073242,-33.33333333333333,0.9548449242568814,2.295213222503662,0
case30,30,GraphSAGE,True,3,0.025051593780517578,True,4,0.024758577346801758,-33.33333333333333,1.0118349463142182,2.233149766921997,0
case30,30,GAT,True,3,0.025051593780517578,True,4,0.023877859115600586,-33.33333333333333,1.0491557747800822,2.2939584255218506,0
case118,118,GCN,True,4,0.03435969352722168,True,5,0.03539395332336426,-25.0,0.9707786302735546,1.1950703859329224,1
case118,118,GraphSAGE,True,4,0.03435969352722168,True,5,0.03991222381591797,-25.0,0.8608814604191058,1.2552897930145264,1
case118,118,GAT,True,4,0.03435969352722168,True,5,0.03473496437072754,-25.0,0.9891961644324554,1.1962556838989258,1
case30,30,GCN,True,3,0.02489018440246582,True,4,0.0244905948638916,-33.33333333333333,1.0163160405369887,3.2324697971343994,0
case30,30,GraphSAGE,True,3,0.02489018440246582,True,4,0.024625778198242188,-33.33333333333333,1.0107369684764929,3.1185154914855957,0
case30,30,GAT,True,3,0.02489018440246582,True,4,0.02493119239807129,-33.33333333333333,0.9983551530568333,3.230165958404541,0
case14,14,GCN,True,4,0.030953407287597656,True,4,0.02786707878112793,0.0,1.110751777418444,1.3531911373138428,0
case14,14,GraphSAGE,True,4,0.030953407287597656,True,4,0.027408599853515625,0.0,1.1293319415448853,1.4058005809783936,0
case14,14,GAT,True,4,0.030953407287597656,True,4,0.03280019760131836,0.0,0.9436957564656112,1.3542547225952148,0
case30,30,GCN,True,3,0.03592824935913086,True,4,0.04430675506591797,-33.33333333333333,0.8108977808390193,2.84645676612854,0
case30,30,GraphSAGE,True,3,0.03592824935913086,True,4,0.03728842735290527,-33.33333333333333,0.9635227846725363,2.732992172241211,0
case30,30,GAT,True,3,0.03592824935913086,True,4,0.035878658294677734,-33.33333333333333,1.0013821883763274,2.844163417816162,0
case30,30,GCN,True,3,0.036699771881103516,True,4,0.03864645957946777,-33.33333333333333,0.9496283043894013,3.215596914291382,0
case30,30,GraphSAGE,True,3,0.036699771881103516,True,4,0.03786277770996094,-33.33333333333333,0.9692836632915218,3.1016640663146973,0
case30,30,GAT,True,3,0.036699771881103516,True,4,0.03873777389526367,-33.33333333333333,0.9473898004652938,3.2132937908172607,0
case118,118,GCN,True,4,0.033759117126464844,True,5,0.03382158279418945,-25.0,0.9981530826601249,1.179476022720337,1
case118,118,GraphSAGE,True,4,0.033759117126464844,True,5,0.03408169746398926,-25.0,0.9905350859397407,1.2371456623077393,1
case118,118,GAT,True,4,0.033759117126464844,True,5,0.035597801208496094,-25.0,0.9483483805288397,1.180618166923523,1
case118,118,GCN,True,4,0.043211936950683594,True,5,0.03346824645996094,-25.0,1.2911323873026728,1.1785249710083008,1
case118,118,GraphSAGE,True,4,0.043211936950683594,True,5,0.034775495529174805,-25.0,1.242597302874694,1.2417340278625488,1
case118,118,GAT,True,4,0.043211936950683594,True,5,0.03587603569030762,-25.0,1.2044791493603588,1.1796239614486694,1
case118,118,GCN,True,4,0.03367424011230469,True,5,0.0323483943939209,-25.0,1.0409864459496312,1.2016167640686035,1
case118,118,GraphSAGE,True,4,0.03367424011230469,True,5,0.032634735107421875,-25.0,1.031852717708942,1.2567840814590454,1
case118,118,GAT,True,4,0.03367424011230469,True,5,0.03572440147399902,-25.0,0.942611736597281,1.202541470527649,1
case14,14,GCN,True,4,0.035660505294799805,True,4,0.026665925979614258,0.0,1.337306093254057,1.437453031539917,0
case14,14,GraphSAGE,True,4,0.035660505294799805,True,4,0.029844045639038086,0.0,1.1948951467944877,1.4899554252624512,0
case14,14,GAT,True,4,0.035660505294799805,True,4,0.030092954635620117,0.0,1.1850117652651344,1.438514232635498,0
case30,30,GCN,True,3,0.024234533309936523,True,4,0.024832487106323242,-33.33333333333333,0.9759205030963468,2.0415496826171875,0
case30,30,GraphSAGE,True,3,0.024234533309936523,True,4,0.02486443519592285,-33.33333333333333,0.9746665516017988,1.988258957862854,0
case30,30,GAT,True,3,0.024234533309936523,True,4,0.025827884674072266,-33.33333333333333,0.938308871042186,2.0404725074768066,0
case14,14,GCN,True,4,0.03137040138244629,True,4,0.029669761657714844,0.0,1.0573189547105526,1.3975584506988525,0
case14,14,GraphSAGE,True,4,0.03137040138244629,True,4,0.028955698013305664,0.0,1.0833930291727392,1.4359726905822754,0
case14,14,GAT,True,4,0.03137040138244629,True,4,0.027802228927612305,0.0,1.1283412371045614,1.3982547521591187,0
case14,14,GCN,True,4,0.031357526779174805,True,4,0.026616573333740234,0.0,1.1781203532847238,1.471425175666809,0
case14,14,GraphSAGE,True,4,0.031357526779174805,True,4,0.02743387222290039,0.0,1.1430222654824187,1.523884654045105,0
case14,14,GAT,True,4,0.031357526779174805,True,4,0.026400089263916016,0.0,1.1877810891357357,1.4724855422973633,0
case14,14,GCN,True,4,0.04598212242126465,True,4,0.04168105125427246,0.0,1.103190083684641,1.476513385772705,0
case14,14,GraphSAGE,True,4,0.04598212242126465,True,4,0.0518949031829834,0.0,0.886062399213463,1.5289663076400757,0
case14,14,GAT,True,4,0.04598212242126465,True,4,0.04249000549316406,0.0,1.08218678457602,1.4775738716125488,0
